<manifest><control namespace="contoso" constructor="marquee" version="0.0.1" display-name-key="marquee" description-key="marquee description" control-type="standard" api-version="1.2.1"><property name="MarqueeText" display-name-key="Property_Display_Key" description-key="Property_Desc_Key" of-type="SingleLine.Text" usage="bound" required="true" /><property name="TextColor" display-name-key="Property_TextColor" description-key="Property_TextColor" of-type="SingleLine.Text" usage="bound" required="true" default-value="black" /><property name="TextSize" display-name-key="Property_TextSize" description-key="Property_TextSize" of-type="SingleLine.Text" usage="bound" required="true" default-value="15px" /><property name="Font" display-name-key="Property_Font" description-key="Property_Font" of-type="SingleLine.Text" usage="bound" required="true" default-value="verdana" /><property name="Direction" display-name-key="Property_Direction" description-key="Property_Direction" of-type="SingleLine.Text" usage="bound" required="true" default-value="left" /><property name="BackgroundColor" display-name-key="Property_BGColor" description-key="Property_BGColor" of-type="SingleLine.Text" usage="bound" required="false" default-value="transparent" /><resources><code path="bundle.js" order="1" /></resources><built-by name="pac" version="1.0.6" /></control></manifest>